manufacturer,product_name,model_number,optical_zoom,weight_g,price_usd,meets_criteria,near_miss,near_miss_reason,has_thermal,has_night_vision,gimbal_axes,sensor_size,megapixels,max_video_resolution,product_url,notes,country_of_origin,digital_zoom_max,total_zoom_combined,sensor_type,max_photo_resolution,dimensions_mm,power_consumption_w,voltage_input,stabilization_range_pitch,stabilization_range_yaw,stabilization_range_roll,output_interface,control_protocol,compatible_drones,ip_rating,price_source,availability,notable_features
Aero Sentinel,Snunit (Snonit),Snunit,13x (EO optical); 26x total with 2x digital (x13 optical + x2 digital = x26),180,,True,False,,True,True,3,,,,https://www.aero-sentinel.com/drone-systems/snonit/,,Israel,2x,26x (13x optical x 2x digital),Dual EO + IR sensors,,84 mm (D) x 58 mm (W) x 82 mm (H),,,-45 to +135 degrees,,-180 to +180 degrees,"IP streaming, video compression",,"Aero Sentinel G1, G2, G3 tactical drones; small UAVs",,"Defense product, pricing not publicly listed; contact Aero Sentinel",Available (defense sales),Only 180g with dual EO/IR sensors; 26x total zoom (13x optical + 2x digital); 3-axis stabilization; 640x480 thermal resolution; FOV range: 60 deg WFOV to 4.5 deg NFOV to 2.2 deg DFOV; EO/IR object tracking; Geolocation capability; Video compression and IP streaming; LTE connectivity; License plate recognition
Aero Sentinel,Dror,Dror,,115,,False,False,Zoom specifications not publicly available; at 115g it is likely a fixed or low-zoom system. Weight is excellent at 115g but zoom capability unconfirmed.,True,True,3,,,,https://www.aero-sentinel.com/drone-systems/dror/,,Israel,,,Dual EO + IR sensors,,,,,,,,"IP streaming, video compression",,"Aero Sentinel G1, G2, G3 tactical drones; small UAVs",,"Defense product, pricing not publicly listed; contact Aero Sentinel",Available (defense sales),Only 115g - micro stabilized gimbal; Dual EO/IR sensor design; EO/IR object tracking; Geolocation with high accuracy; Video compression and IP streaming; Video recording; LTE connectivity; License plate recognition; Designed for long-range reconnaissance
Autel Robotics,DG-L35T Gimbal Camera,DG-L35T (also marketed as L35T),35x (zoom camera),,,False,False,"Weight of gimbal alone not publicly listed but Autel Alpha with battery and gimbal is 6250g total, suggesting gimbal is likely 1500-2500g. Designed for large enterprise drone platform. Price of full system likely exceeds $10,000.",True,True,3,"1/1.8 inch (zoom), 1/2 inch (wide-angle)","8 MP (zoom camera), 48 MP (wide-angle camera)",4K (zoom camera),https://www.bhphotovideo.com/c/product/1815673-REG/autel_robotics_102002553_l35t_gimbal.html,,USA/China,16x (hybrid extends to 560x total),560x hybrid zoom,"1/1.8 inch CMOS (zoom camera, 8MP); 1/2 inch CMOS (wide-angle, 48MP); 640x512 uncooled VOx (dual thermal sensors)",48 MP (wide-angle); 8 MP (zoom),,,,,,,,Autel proprietary (designed for Autel Alpha and Titan platforms),"Autel Alpha, Autel Titan",,"Sold as standalone gimbal and in bundles with Autel Alpha drone. Gimbal-only pricing available from resellers (Volatus Drones, B&H Photo, DSLRPros, Drone Nerds) but not publicly listed on most sites; contact for quote. Full Alpha + L35T bundles available from multiple authorized dealers.",Available (commercial sales through authorized dealers),"5-in-1 sensor system: zoom camera, wide-angle camera, dual thermal cameras, laser rangefinder; 35x optical zoom with 560x hybrid zoom; Ultra-sensitive starlight night vision (4K 30fps in low light); Dual thermal imagers: 13mm wide-angle + 45mm telephoto (640x512); 56x hybrid zoom on thermal channels; Laser rangefinder: 10-2000m range, +/-(1m + D*0.15%) accuracy; 48MP wide-angle camera (84 deg DFOV, 24mm equivalent); Designed as standalone swappable gimbal for Autel Alpha platform"
Controp Precision Technologies,MICRO-STAMP,MICRO-STAMP,4.8x continuous,,,False,False,"Optical zoom only 4.8x, well below 10x threshold",True,True,3,,,,https://www.controp.com/family/stamp-family/,,Israel,,4.8x (optical only confirmed),Uncooled IR detector + CMOS day TV camera,,"102 mm (4 in) height, diameter not published",,,,continuous,,,,Small UAVs / mini UAVs,,"Defense product, pricing not publicly listed; contact manufacturer",Available (defense sales),Single LRU gyro-stabilized system; Dual FOV IR camera; Continuous zoom day TV camera; Ultra-compact 4-inch height
Controp Precision Technologies,D-STAMP,D-STAMP,10x,650,,False,True,"Meets 10x zoom and under 1000g, but price unknown (likely over $10,000 as defense product); daylight only, no thermal",False,False,3,,,,https://www.controp.com/family/stamp-family/,,Israel,,10x (optical only confirmed),High resolution color CCD camera,,,,,,continuous,,,,Miniature UAVs,,"Defense product, pricing not publicly listed; contact manufacturer",Available (defense sales),Daylight-only stabilized miniature payload; 10x optical zoom CCD camera; Three-gimbal gyro-stabilized system; Only 650g weight
Controp Precision Technologies,M-STAMP,M-STAMP,Continuous zoom (exact ratio not published),1300,,False,False,Weight 1300g exceeds 1000g limit; exact zoom ratio unpublished,True,True,3,,,,https://www.controp.com/family/stamp-family/,,Israel,,,CCD with continuous zoom lens + uncooled IR camera with continuous zoom lens,,102 mm (4 in) height,,,,continuous,,,,Small UAVs,,"Defense product, pricing not publicly listed; contact manufacturer",Available (defense sales),Multi-sensor payload with EO and IR; Laser pointer option; Continuous optical zoom on both EO and IR channels; Gyro-stabilized three-gimbal system
Controp Precision Technologies,T-STAMP-XR,T-STAMP-XR,8x,3500,,False,False,Weight 3500g far exceeds 1000g; zoom only 8x,True,True,3,,,HD,https://www.controp.com/family/stamp-family/,,Israel,,8x (optical only confirmed),Cooled 3-5 micron IR detector + HD CMOS color day camera,,178 mm (7 in) diameter x 301 mm (11.8 in) height,40,,,continuous,,,,"Small UAVs, Group 2+ UAS",,"Defense product, pricing not publicly listed; contact manufacturer",Available (defense sales),Cooled MWIR thermal sensor (3-5 micron); HD CMOS day camera with continuous zoom; 40W average / 95W max power consumption; Three-axis gyro-stabilized gimbal
Controp Precision Technologies,FOX 450Z,FOX 450Z,22.5x continuous,10000,,False,False,"Weight 10,000g far exceeds 1000g; thermal-only camera (no EO zoom); defense pricing likely far exceeds $10,000",True,True,,,,,https://www.controp.com/products/,,Israel,,22.5x (optical only confirmed),3rd generation FPA (Focal Plane Array) cooled IR,320x256 pixels (thermal),,,,,,,,,"UAVs, helicopters, light aircraft, ships, maritime patrol boats",,"Defense product, pricing not publicly listed; contact manufacturer",Available (defense sales),"22.5x continuous optical zoom thermal camera; 3rd generation cooled FPA sensor; Multi-platform: UAVs, helicopters, ships; Designed for long-range surveillance"
CZI,CZI C30N Smart Dual-Light Night Vision Gimbal Camera,C30N,30x,1500,15999,False,False,"Fails both weight (1500g vs 1000g limit) and price ($15,999-$25,999 vs $10,000 limit) criteria significantly",True,True,3,1/1.8 inch (visible light); 15.36mm x 12.28mm (thermal),4,1920x1080 @ 30fps (MP4),https://czi.com.cn/en/product-detail/technical-parameters?id=101&productModel=C30N,Spec listed as <=1500g; multiple retailers list 1510g (3.32 lbs +/-10g); High for imaging specs; moderate for price (varies by retailer); some electrical specs unavailable,China,32x,960x (30x optical * 32x digital),"1/1.8"" CMOS (visible light) + Uncooled VOx microbolometer (thermal)",1920x1080,172 x 152 x 191,,,-120 to +25 degrees (controlled); structural limit wider,+/- 95 degrees (controlled); +/- 100 degrees (structural),,DJI SkyPort (integrated with DJI Matrice payload interface),DJI PSDK / DJI Pilot 2 / CZI Pilot app,DJI Matrice 300 RTK; DJI Matrice 350 RTK,,"Adorama (sale price, reduced from $25,999 MSRP); other retailers ~$18,999-$25,999","In stock at multiple US retailers (Adorama, B&H, Amazon, DroneNerds, eBay, heliguy, etc.)","Starlight-level night vision with 1/1.8"" sensor and f/1.6 aperture; 850nm IR spotlight for active illumination (2W+, 3-degree beam); 1280x1024 uncooled VOx thermal imaging with 55mm telephoto thermal lens; 905nm laser rangefinder (10-1200m range); 21 TOPS AI computing power for on-board analytics; 30x optical zoom (6.5-162.5mm, equiv. 955mm); +/-0.01 degree stabilization precision; Smart dual-light (visible + IR) night operation; DJI PSDK compatible with Matrice 300/350 RTK; AI-powered target tracking and recognition"
DJI,Zenmuse H20,H20,23x,678,3849,True,False,,False,False,3,1/1.7 inch,20,3840x2160@30fps,https://enterprise.dji.com/zenmuse-h20-series,,China,200x,200x (23x optical + digital enhancement),CMOS,5184x3888,150x114x151,,,-120 to +30 deg,+/-320 deg,-90 to +60 deg (mechanical),DJI proprietary (Skyport),DJI proprietary,DJI Matrice 300 RTK; DJI Matrice 350 RTK,IP44,Advexure / multiple US resellers (standalone camera),Available (being superseded by H30 series),23x hybrid optical zoom; 200x max digital zoom; 12 MP wide-angle camera (82.9 deg DFOV); Laser rangefinder (3-1200m); Angular vibration +/-0.01 deg; Night scene mode with f/1.6 aperture; MicroSD storage up to 128GB
DJI,Zenmuse H20T,H20T,23x,828,9809,True,False,,True,False,3,1/1.7 inch (zoom camera),20,3840x2160@30fps,https://enterprise.dji.com/zenmuse-h20-series,,China,200x,200x (23x optical + digital enhancement),CMOS (zoom) + Uncooled VOx Microbolometer (thermal),5184x3888,167x135x161,,,-120 to +30 deg,+/-320 deg,-90 to +60 deg (mechanical),DJI proprietary (Skyport),DJI proprietary,DJI Matrice 300 RTK; DJI Matrice 350 RTK,IP44,DJI Store (Worry-Free Basic Combo); standalone ~$7000-8000 estimated,Available (being superseded by H30T),23x hybrid optical zoom; 200x max digital zoom; 12 MP wide-angle camera (82.9 deg DFOV); Laser rangefinder (3-1200m); 640x512 radiometric thermal camera; Thermal sensitivity NETD <=50 mK; Scene range -40 to 550 deg C; Quad-sensor solution
DJI,Zenmuse H30,H30,34x,920,3520,True,False,,False,True,3,"1/1.8 inch (zoom), 1/1.3 inch (wide)",40,3840x2160@30fps,https://enterprise.dji.com/zenmuse-h30-series,,China,400x,400x (34x optical + digital enhancement),CMOS,7328x5496,170x145x165,26,,-120 to +60 deg,+/-320 deg,+/-60 deg (mechanical),DJI proprietary (Skyport),DJI proprietary,DJI Matrice 400; DJI Matrice 350 RTK; DJI Matrice 300 RTK,IP54,Dronefly / DSLRPros (Worry-Free Basic Combo); standalone likely ~$3000-3200,Available,34x hybrid optical zoom; 400x max digital zoom; 40 MP zoom camera (1/1.8 inch CMOS); 48 MP wide-angle camera (1/1.3 inch CMOS); Laser rangefinder (3-3000m); NIR auxiliary light (850nm) for night illumination; Night scene ISO up to 819200; Angular vibration +/-0.002 deg (hover)
DJI,Zenmuse H30T,H30T,34x,920,9460,True,False,,True,True,3,"1/1.8 inch (zoom), 1/1.3 inch (wide)",40,3840x2160@30fps,https://enterprise.dji.com/zenmuse-h30-series,,China,400x,400x (34x optical + digital enhancement),CMOS (zoom) + Uncooled VOx Microbolometer (thermal),7328x5496,170x145x165,28,,-120 to +60 deg,+/-320 deg,+/-60 deg (mechanical),DJI proprietary (Skyport),DJI proprietary,DJI Matrice 400; DJI Matrice 350 RTK; DJI Matrice 300 RTK,IP54,Dronefly / DSLRPros (Worry-Free Basic Combo),Available,34x hybrid optical zoom; 400x max digital zoom; 40 MP zoom camera (1/1.8 inch CMOS); 48 MP wide-angle camera (1/1.3 inch CMOS); 1280x1024 thermal camera @30fps; Thermal range -20 to 1600 deg C; Laser rangefinder (3-3000m); NIR auxiliary light (850nm); Night scene ISO up to 819200; Five integrated modules
Edge Autonomy (acquired by Redwire),E180,E180 / E180MG,"30x (EO); 15x continuous (MWIR); up to 90x optical zoom (EO, per some sources)",3750,,False,False,"Weight 3750g (E180) or 3250g (E180MG) far exceeds 1000g limit; defense pricing likely well over $10,000",True,True,3,,,4K (EO channel),https://rdw.com/product-archive/octopus-isr-and-optics-payloads/e180/,,USA,,Up to 90x optical (EO channel),4K color EO camera + cooled MWIR thermal imager,,180 mm diameter x 227 mm height,,,,continuous,,,,"Group 2 and 3 UAS, fixed-wing UAVs",IP64,"Defense product, pricing not publicly listed; contact Redwire/Edge Autonomy","Available (defense sales, now under Redwire product archive)","Smallest four-sensor MWIR gimbal in its class; 30x optical zoom EO with 4K output; 15x continuous optical zoom cooled MWIR; Integrated laser rangefinder and pointer; Onboard target tracking, image enhancement, moving target indication; Three-axis mechanical and electrical stabilization; IP64 sealed, dry gas environment assembly; E180MG variant: 3.25 kg"
Edge Autonomy (acquired by Redwire),E140Z G2,E140ZG2,5x (LWIR thermal zoom),1450,,False,True,Only 5x optical zoom on thermal channel (below 10x threshold); weight 1450g exceeds 1000g. User flagged as near-miss due to 5x zoom.,True,True,2,,,1080p Full HD,https://rdw.com/product-archive/octopus-isr-and-optics-payloads/e140z-g2/,,USA,,5x (thermal channel),Global shutter EO sensor (Full HD 1080p) + cooled LWIR thermal sensor,,Approx 140 mm diameter (inferred from model name),,,,continuous,,,,"Group 2 UAS, fixed-wing and multirotor UAVs",IP64,"Defense product, pricing not publicly listed; contact Redwire/Edge Autonomy","Available (defense sales, now under Redwire product archive)","ITAR-free (export-friendly); 5x optical zoom LWIR thermal sensor; Full HD 1080p EO with global shutter; Onboard target tracking, scene steering, moving target indication; GPS/INS with high-precision geolocation; Artillery fire support capability; IP64 ruggedized"
Foxtech,EH26 26X Optical Zoom Camera with 3-Axis Gimbal,EH26,26x,630,1199.0,True,False,,False,False,3,"1/2.8""",2.13,1920x1080 @ 25fps,https://store.foxtech.com/eh26-zoom-camera/,Weight and detailed specs confirmed from official EH26 user manual V1.1 (2023). Price confirmed from store.foxtech.com. Store page shows 3.00 KGS which is shipping weight including packaging.; high,China,1.27x (combined to 33x total),33x,"1/2.8"" CMOS",1920x1080,121(L) x 104(W) x 180(H),,4S-12S (15-60V),-130 to +60 degrees,360 degrees continuous,,"Ethernet (GH1.25 4-core), Serial/CAN (GH1.25 5-core), SBUS (GH1.25 2-core), XT30 power","SBUS, Serial, CAN, TCP/IP (network port)",Various multirotors (universal mounting),,store.foxtech.com,In stock,26x optical zoom with 33x total combined zoom; 1080P Ethernet video output; Data encryption for stored video/photos on Micro SD card; 3-axis stabilized gimbal with +/-0.01 degree accuracy; 360 degree continuous yaw rotation; Cost-effective option for inspection and surveillance; Aviation aluminum alloy and nylon construction; Focusing speed under 1 second; Focal length 5-130mm
Foxtech,EH20 4K 20X Optical Zoom Camera with 3-Axis Gimbal,EH20,20x,,3799.0,True,False,,False,False,3,,25.9,4K (3840x2160),https://store.foxtech.com/eh20-4k-optical-zoom-camera/,"Price confirmed from store.foxtech.com. Weight not publicly listed on product pages or in search results; store shipping weight listed as 3.00 KGS (includes packaging). Detailed weight, dimensions, voltage, and power specs require contacting manufacturer or accessing full manual. Given the EH26 (26x zoom, 1080p) weighs 630g, the EH20 with 4K/25.9MP sensor likely weighs more but exact value unknown.; medium",China,1.25x (hybrid zoom to 25x),25x (hybrid),CMOS,6784x3816,,,,,360 degrees unlimited rotation,,Ethernet,Windows PC and Android device control supported,"Various multirotors (universal mounting, quick-release design)",,store.foxtech.com,In stock,4K video resolution with 25.9MP effective pixels; 20x optical zoom with 25x hybrid zoom; 3-axis stabilization for smooth footage; 360 degree unlimited yaw rotation; Quick-release / quick-mount plate design; Ethernet video output; Real-time control from Windows PC and Android; High resolution 6784x3816 photo capture
Foxtech,EH30-M TIR Dual Sensor 30X Optical Zoom Camera with 3-Axis Gimbal,EH30-M TIR,30x,806,12499.0,False,True,"Exceeds $10,000 price threshold at $12,499. Weight (806g) and optical zoom (30x) meet criteria. If price drops or is negotiable, could qualify.",True,False,3,,2.16,1920x1080 @ 25fps,https://www.foxtechfpv.com/eh30-m-tir-gimbal-camera.html,Weight (806g standard / 772g quick-detach) and power consumption (8.4W) found via search results referencing product specs. Price from Alibaba listing. Not listed on store.foxtech.com as a separate product; sold through foxtechfpv.com and Alibaba. Detailed dimensions and voltage specs not found publicly.; medium,China,,30x (optical only confirmed),CMOS (EO) + Uncooled IR (Thermal),1920x1080,,8.4,,,360 degrees continuous,,Ethernet,"SBUS, TCP","Foxtech Rhea 160 Hexacopter, Foxtech Gaia 160S, and other multirotors",,alibaba.com (Foxtech official store),Available (contact sales for some channels),Dual sensor: 30x optical zoom EO + 704x576 thermal camera; 3-axis gimbal with +/-0.008 degree control accuracy; 360 degree continuous yaw rotation; Dual sensor object tracking (static and moving targets); Temperature measurement: -20 to 150 C or 0 to 550 C; Compact and lightweight dual-sensor design (806g); 1080p/25fps Ethernet video output; SBUS and TCP gimbal control
Foxtech,Seeker-40 PRO AI Tracking Camera with 3-axis Gimbal,Seeker-40 PRO,40x,,2699.0,True,False,,False,False,3,,5.13,1080p (Ethernet output),https://store.foxtech.com/seeker-40-pro-ai/,"Price confirmed from store.foxtech.com. Weight not publicly available; store lists 6.50 KGS which is shipping weight. Actual gimbal weight likely well under 1000g based on similar Foxtech products but unconfirmed. Detailed specs (dimensions, voltage, power, stabilization ranges) not found on public product pages.; medium",China,,40x (optical; digital zoom capability unconfirmed),Sony CMOS,,,,,Stabilized (range not specified),360 degrees continuous,Stabilized (range not specified),"Ethernet, USB, TTL/SBUS, PWM","PWM (pitch/yaw channels), TTL, SBUS",Various multirotors (universal mounting),,store.foxtech.com,In stock,"40x optical zoom with Sony CMOS sensor; AI Human/Vehicle recognition and tracking; 5.13 megapixel high-resolution sensor; 360 degree continuous yaw rotation; OSD information overlay (gimbal pitch angle, zoom level, FOV); GPS coordinate and timestamp metadata in photos; Ethernet video output; Target tracking for moving objects"
Foxtech,Seeker-40 Pro TIR Dual-Sensor AI Tracking Camera,Seeker-40 Pro TIR,40x,,7899.0,True,False,,True,False,3,,5.13,1080p (Ethernet output),https://store.foxtech.com/seeker-40-pro-tir/,"Price confirmed from store.foxtech.com. Weight not publicly available; store lists 5.00 KGS (shipping weight). Actual gimbal weight unconfirmed but expected well under 1000g based on comparable products. Detailed dimensions, voltage, and power specs not found publicly.; medium",China,,40x (optical; thermal supports digital zoom),Sony CMOS (EO) + Uncooled LWIR VOx (Thermal),,,,,Stabilized (range not specified),360 degrees continuous,Stabilized (range not specified),"Ethernet, USB-TTL, PWM, TTL/SBUS","PWM, TTL, SBUS, TCP",Various multirotors (quick-mount version available),,store.foxtech.com,In stock,"40x optical zoom with 5.13MP Sony CMOS EO sensor; 640x512 thermal imaging with 19mm uncooled VOx LWIR sensor; AI Human/Vehicle recognition and tracking; Dual-sensor (EO + thermal) with PIP switching; IR color palette switching; 360 degree continuous yaw rotation; OSD with gimbal heading, pitch angles, zoom levels, FOV, tracking boxes; GPS coordinate and altitude overlay (with external GPS); Quick-mount version available; Aluminum alloy housing with anti-interference design; Integrated shock absorption"
Foxtech,SEEKER IR&RANGING 40X AI Camera with 3-axis Gimbal,SEEKER IR&RANGING 40X,40x,,9699.0,True,False,,True,False,3,,5.13,,https://store.foxtech.com/foxtech-seeker-ir-ranging-40x-ai-camera-with-3-axis-gimbal-for-uav-drones/,"Price confirmed from store.foxtech.com. Store lists 4.00 KGS shipping weight. Actual gimbal weight not found publicly. This is the top-tier SEEKER 40x variant with thermal + laser rangefinder. Priced at $9,699, just under the $10,000 threshold.; medium",China,,40x optical + thermal digital zoom,CMOS (EO) + Uncooled VOx 19mm (Thermal),,,,,Stabilized (range not specified),360 degrees (horizontal stabilization),Stabilized (range not specified),,,Various UAV platforms,,store.foxtech.com,In stock,"40x optical zoom EO camera (5.13MP); 640x512 thermal imaging with 19mm uncooled VOx lens; 3000-meter laser rangefinder; AI-based vehicle and personnel detection; Automatic target tracking; Three-axis stabilization with integrated shock absorption; OSD displaying heading, pitch, zoom, FOV, tracking boxes, rangefinder distance; Optional GPS coordinates and altitude overlay; Timestamp and GPS metadata in photos"
Gremsy,Gremsy ZIO,ZIO,20x,480,4699,True,False,,False,False,3,1/2.5 inch,8.51,3840x2160@30fps (4K); 1920x1080@60fps,https://gremsy.com/zio-payload,,Vietnam,12x,240x (20x optical * 12x digital); 30x super resolution mode,Exmor R CMOS (Sony),3840x2160,145x90x148,12-48W,14.5V-52V,+/-120 deg (controllable); mechanical +138 to -198 deg,+/-320 deg (controllable); mechanical +/-335 deg,mechanical +75 to -265 deg,"USB 2.0, UART, Ethernet, Micro HDMI","MAVLink (PX4, ArduPilot compatible)",PX4-based platforms; ArduPilot-based platforms; Cube flight controller recommended,,Gremsy official website / Candrone / IRLock,Available,Lightest zoom gimbal in class at 480g; 30x super resolution zoom mode; 240x max combined zoom; MAVLink integration with PX4 and ArduPilot; QGroundControl compatible; HDMI 1080p60 and Ethernet RTSP 720p30 video output; NDAA compliant; MicroSDXC storage (64GB included); Angular vibration +/-0.01 deg
Gremsy,Gremsy VIO F1,VIO F1,20x,854,9499,True,False,,True,False,3,1/2.5 inch (EO camera),8.51,3840x2160@30fps (4K),https://gremsy.com/vio,,Vietnam,12x,240x (20x optical * 12x digital); 30x super resolution mode,Exmor R CMOS (Sony) + Uncooled VOx Microbolometer (FLIR Boson 640),3840x2160,173x148x159,"24W average, 57W peak",14.5V-52V,+/-120 deg (controllable); mechanical +/-143 deg,+/-310 deg (controllable); mechanical +/-320 deg,+/-45 deg (controllable); mechanical -260 to +80 deg,"UART, Ethernet, SBUS, HDMI, RTSP","MAVLink (PX4, ArduPilot compatible)",PX4-based platforms; ArduPilot-based platforms; Inspired Flight IF800; Inspired Flight IF1200A,,"Vertex Unmanned Solutions (lowest found); ranges $9,499-$15,371 across retailers",Available,"Triple-sensor: EO zoom + thermal + laser rangefinder; FLIR Boson 640 thermal (640x512, <=50mK NETD); Thermal range -40 to 500 deg C; Thermal 1x-8x digital zoom; Laser rangefinder 0-2400m (1Hz), 0-1200m (10Hz); LRF precision 0.01-0.5m, Class 1 eye-safe; NVIDIA Jetson Xavier NX onboard processor; Electronic Image Stabilization (EIS); Geotagging support; NDAA compliant; MicroSD storage up to 128GB"
Gremsy,Gremsy VIO G1,VIO G1,20x,854,9499,True,False,,True,False,3,1/2.5 inch (EO camera),8.51,3840x2160@30fps (4K),https://gremsy.com/vio-g1-store,,Vietnam,12x,240x (20x optical * 12x digital); 30x super resolution mode,Exmor R CMOS (Sony) + Uncooled VOx Microbolometer (Thermal Core 640R),3840x2160,173x148x159,"24W average, 57W peak",14.5V-52V,+/-120 deg (controllable); mechanical +/-143 deg,+/-310 deg (controllable); mechanical +/-320 deg,+/-45 deg (controllable); mechanical -260 to +80 deg,"UART, Ethernet, SBUS, HDMI, RTSP","MAVLink (PX4, ArduPilot compatible)",PX4-based platforms; ArduPilot-based platforms; Inspired Flight IF800; Inspired Flight IF1200A,,"Vertex Unmanned Solutions (estimated, same range as F1); quote-based pricing common",Available,"Triple-sensor: EO zoom + thermal + laser rangefinder; Thermal Core 640R sensor (640x512, <=50mK NETD); Thermal range -20 to 550 deg C; Laser rangefinder 0-2400m (1Hz), 0-1200m (10Hz); 19mm EFL thermal lens variant (vs F1's 14mm); NVIDIA Jetson Xavier NX onboard processor; NDAA compliant"
Gremsy,Gremsy ORUS L,ORUS L,25x,1504,15999,False,True,"Weight exceeds 1000g (1504g with QR+damping, 1388g with QR only). Price ($15,999) exceeds $10,000. Meets optical zoom criteria (25x).",True,True,3,1/1.8 inch (EO camera),,3840x2160@60fps (4K/60p),https://gremsy.com/orus-l,,Vietnam,Unknown (up to 30x referenced in some sources),25x optical confirmed; total combined TBD,Starvis 2 CMOS (IMX-678) + Uncooled VOx (FLIR Boson 640),,165x140x248,"30W average, 100W max",19VDC-52VDC,,,,"Ethernet (UDP), UART/MAVLink, SBUS, RTSP streaming","MAVLink (PX4, ArduPilot compatible), SDK ready",PX4-based platforms; ArduPilot-based platforms; Fixed-wing UAVs; VTOL UAVs,IP55,"IRLock (ORUS L Standard listing, was sold out at time of research)",Pre-order / Limited availability,Spherical aerodynamic design for high-speed flight; Stable at speeds up to 100 km/h; NVIDIA Jetson Orin NX onboard AI (100 TOPS); Automatic object detection and tracking; Target lock and autonomous tracking; Super/Super+ image stabilization; 1/1.8 inch Starvis 2 sensor (IMX-678); 4K/60p video output; Radiometric 640x512 thermal (FLIR Boson 640); Laser rangefinder 1200m (10Hz) / 2400m (1Hz); 500GB internal storage; IP55 dust and rain protection; NDAA compliant; Available in NDAA and Standard variants; Night vision capability
GWD Bio-intelligence (Shenzhen ViewPro Technology),GWD A30TR,A30TR,30x,2530,,False,True,"Weight (2530g) far exceeds 1000g limit. Price likely exceeds $10,000 for full-featured variant. Meets 30x optical zoom requirement.",True,True,3,"1/2.8"" (EO), 12um pixel pitch (thermal)",2.13,1920x1080 (1080P),https://gwdbi.com/products/gwd-a30tr-30x-optical-zoom-ptz-camera-ir-payload-3-axis-stabilized-object-gps-coordinate-resolving-lrf-gimbal-camera-for-drone,,China,,30x (optical only confirmed),"Sony 1/2.8"" Exmor R CMOS (EO) + ULIS uncooled LWIR (thermal)",1920x1080,150 x 256.7 x 190,,4S-6S (14.8V-22.2V),unknown,360 degrees continuous,unknown,"HDMI, IP (Ethernet), SDI","PWM, TTL, S.BUS, TCP, UDP",Universal UAV mount (medium/large drones),,"Not publicly listed on gwdbi.com; A30TR-1575 variant listed ~$13,499 at some resellers, Mini A30 variant ~$4,399-$4,748","Available via gwdbi.com and resellers (MotioNew, RCDrone, ViewPro)","Triple sensor (30x EO + 640x512 thermal + laser rangefinder); Sony 1/2.8"" Exmor R CMOS starlight sensor; AI object detection (10+ simultaneous targets: cars, humans, boats); GPS coordinate resolving; Integrated damping system; FOC motor technology; 3000m observation range; 1.5km LRF (base model)"
GWD Bio-intelligence (Shenzhen ViewPro Technology),GWD A40 Pro,A40 Pro,40x,1074,2660,False,True,"Weight (1074g) slightly exceeds 1000g limit by 74g. Price ($2,660) is well under $10,000. Meets 40x optical zoom requirement. Very close to meeting all criteria.",False,True,3,"1/2.8""",2.13,1920x1080 (1080P Full HD),https://gwdbi.com/products/gwd-a40-pro-40x-eo-ai-object-tracking-gimbal-camera,,China,,40x (optical only confirmed),"Sony 1/2.8"" CMOS",1920x1080,unknown,8,"4S-6S (16V nominal), dynamic current 500-1500mA @ 16V",±0.02 degree accuracy,360 degrees continuous,unknown,"HDMI, IP (Ethernet), SDI","PWM, TTL, S.BUS, TCP, UDP",Universal UAV mount,,"gwdbi.com (sale price, regular $3,999)","Available via gwdbi.com and resellers (MotioNew, ViewPro, DrUAV)",40x optical zoom (4.25-170mm focal length); AI auto-zoom object tracking; 360-degree continuous yaw rotation; AI detection accuracy >=85% (up to 10 simultaneous targets); HTTP card reading for real-time media access; Onboard storage up to 128GB; Working temperature -20C to +60C; 5V output for accessories
GWD Bio-intelligence (Shenzhen ViewPro Technology),GWD Z36T Cube,Z36T,36x,930,4107,True,False,,False,True,3,"1/2"" (IMX385)",2.13,1920x1080 (1080P),https://gwdbi.com/products/gwd-z36t-cube-36x-optical-zoom-starlight-object-auto-tracking-stabilizer-3-axis-flight-sports-drone-gimbal-camera-for-uav,,China,,36x (optical only confirmed),Sony IMX385LQR-C CMOS,1920x1080,187.6 x 105.3 x 180.6 (standard) / 187.6 x 105.3 x 186.3 (viewport version),,unknown (likely 4S-6S based on product line),unknown,360 degrees continuous,unknown,"HDMI, IP (Ethernet), SDI","PWM, TTL, S.BUS, TCP, UDP",Universal UAV mount,,austars-model.com,"Available via gwdbi.com and resellers (Austars-Model, RCDrone, ViewPro, InsightFPV)",36x optical autofocus zoom; Sony IMX385 starlight sensor (0.001 lux minimum illumination); Object auto-tracking; Control accuracy ±0.01 degrees; Cube form factor; Starlight-level night vision; Dedicated FOC processor
GWD Bio-intelligence (Shenzhen ViewPro Technology),GWD Q10T,Q10T,10x,415,,True,False,,False,False,3,"1/3""",2.48,1920x1080 @ 30fps (1080P),https://gwdbi.com/products/gwd-q10t-ethernet-output-tcp-control-1080p-high-range-sports-uav-zoom-gimbal-camera-3-axis-drone-object-auto-tracking-camera,,China,,10x (optical only confirmed),Panasonic CMOS,1920x1080,140 x 91.2 x 126.1,3.85,"3S-4S (12V nominal), output 5V for PWM",unknown,360 degrees continuous,unknown,"HDMI, IP (Ethernet), SDI","UART (TTL), TCP/UDP (Ethernet)","Small drones, quadcopters, VTOL, fixed-wing UAV",,"Not publicly listed on gwdbi.com; Alibaba lists $2,100-$3,100 for bulk. Austars-Model lists Q10T at varying prices. Note: product may be discontinued (ViewPro lists as 'stop production')",Potentially discontinued; check gwdbi.com or Alibaba for current availability,Ultra-lightweight (415g); 10x optical zoom; Auto-tracking function; Fast autofocus (<1s); Low power consumption (3.85W); GPS photo geotagging support; Good low-light performance (wide dynamic range); OSD overlay; 1080P recording with TF card
JOUAV,JOUAV MG-120E EO/IR Gimbal Camera,MG-120E,30x,,,False,False,"Cannot determine without confirmed weight and price data. Based on product class (30x+thermal+LRF), likely fails both weight and price criteria.",True,True,3,,,,https://www.jouav.com/products/mg120.html,Described as 'lightweight and small' but exact weight not publicly available; a technical specification PDF exists on Scribd but content was not accessible. Estimated 1000-1500g based on comparable 30x EO/IR gimbals.; Low - JOUAV publishes very limited public specifications for this product. Most specs require direct sales contact or datasheet request.,China,,,CMOS (visible light) + Uncooled microbolometer (thermal),,,,,,,,,,JOUAV CW-15 VTOL; JOUAV CW-25 VTOL; JOUAV CW-25E VTOL; Other JOUAV VTOL platforms,,Not publicly listed; quote-based pricing only,"Available through JOUAV direct sales and select distributors (e.g., AdrekDrones in Saudi Arabia, DroneLab in South Korea, PrecisionGPS in Mexico)","3-axis gyroscope-stabilized gimbal for jitter-free imagery; 30x optical zoom visible light camera; 640x512 uncooled thermal imaging sensor; Integrated laser rangefinder (LRF); AI-powered target tracking; Day and night reconnaissance capability; Designed for long-endurance VTOL drone operations; Lightweight compact form factor for fixed-wing VTOL integration; Dual EO/IR sensor fusion; Suitable for security, surveillance, search and rescue applications"
NextVision,NextVision X80,X80,40x,145,,False,True,"Exceeds 10x optical zoom (40x) and is well under 1000g (145g), but price is not publicly available and likely exceeds $10,000 given its defense/military market positioning. Cannot confirm price criteria.",False,True,3,unknown,2,1080p @ 30fps,https://nextvision-sys.com/cameras-cpt/x80/,NextVision is an Israeli defense company. The X80 is marketed to military and security customers with quote-based pricing. The 145g weight refers to the camera head; a full gimbal system variant weighs approximately 1.5kg. Stabilization range data sourced from Height Technologies product page. The X80 connects via Ethernet with MAVLink protocol per Auterion/PX4 integration documentation.,Israel,2x,80x,EO (CMOS) with optional IR/NIR,1920x1080,unknown (full system variant: 180 x 183 x 211 mm),12,unknown (contact manufacturer),-135 to +45 degrees,-165 to +165 degrees,-35 to +35 degrees,"Ethernet (IP streaming), MAVLink",MAVLink extended protocol,"Small UAVs and tactical platforms; integrated with DeltaQuad, Auterion Skynode-based systems, PX4/QGroundControl platforms",unknown (contact manufacturer),"Not publicly listed; quote-based pricing only. Contact nextvision-sys.com or authorized resellers (Height Technologies, Harris Aerial, BuckEye Cam).",Available through manufacturer and authorized resellers,Ultra-lightweight at only 145 grams; 80x continuous zoom (40x optical + 2x digital); Three EO lenses for flexible operation; Wide-area scanning HFOV 60 degrees to 0.75 degree DFOV; Onboard object tracking and recognition; Geolocation capability; Video compression and IP streaming; LTE connectivity option; License plate recognition; MicroSD card recording with GPS metadata; 24/7 day/night HD imaging
SIYI,SIYI ZR10 2K 4MP QHD 30X Hybrid 10X Optical Zoom Gimbal Camera,ZR10,10x,381,529.42,True,False,,False,True,3,1/2.7 inch,4,2560x1440 @ 30fps,https://shop.siyi.biz/products/siyi-zr10-gimbal-camera,,China,3x,30x hybrid,CMOS,2560x1440,121x101x78,"4W avg, 12W peak",11-25.2V (3S-6S),-135 to +45 deg,-160 to +160 deg,-30 to +30 deg,Ethernet,"S.Bus, UART, Ethernet UDP/TCP, Mavlink (ArduPilot & PX4 compatible)","UAV, UGV, USV, multirotors, VTOLs, robotic platforms (ArduPilot/PX4)",IP4X,shop.siyi.biz (official store),In Stock,HDR Starlight Night Vision; AI Smart Identify and Tracking; 320-degree yaw axis rotation; Angular vibration range ±0.01°; Nose mode and upside down mode; TF card recording
SIYI,SIYI ZR30 4K 8MP Ultra HD 180X Hybrid 30X Optical Gimbal Camera,ZR30,30x,628,1176.66,True,False,,False,True,3,1/2.7 inch,8,4096x2160 @ 25fps,https://shop.siyi.biz/products/zr30-4k-8mp-ultra-hd-180x-hybrid-30x-optical-gimbal-camera,,China,6x,180x hybrid,Sony CMOS,3840x2160,132x100x159 (including quick release board),"5W avg, 12W peak",11-25.2V (3S-6S),-90 to +25 deg,-270 to +270 deg,-45 to +45 deg,"Ethernet, Micro-HDMI","S.Bus, UART, Ethernet UDP/TCP, Mavlink (ArduPilot & PX4 compatible)","UAV, UGV, USV, multirotors, VTOLs, DJI Matrice 300/350 (ZR30-D variant)",IP4X,shop.siyi.biz (official store),In Stock,HDR Starlight Night Vision; AI Smart Identify and Tracking; 540-degree yaw axis rotation; Quick release structure; Angular vibration range ±0.01°; Simultaneous Ethernet and HDMI video output; Nose mode and upside down mode; 4K recording to TF card; Focal length 4.5-148.4mm
SIYI,SIYI ZT30 Optical Pod Four Sensors 4K 8MP 180X Hybrid 30X Optical Zoom Gimbal Camera,ZT30,30x,870,7354.86,True,False,,True,True,3,1/2.7 inch (zoom camera),8,"4096x2160 @ 30fps (zoom), 2560x1440 @ 30fps (wide angle)",https://shop.siyi.biz/products/siyi-zt30,,China,"6x (zoom camera), 2x (thermal camera)",180x hybrid (zoom camera),"Sony CMOS (zoom), uncooled VOx (thermal)","4096x2160 (zoom camera), 2560x1440 (wide angle)",182x140x134.5 (including quick release anti-vibration claw),"9W avg, 20W peak",11-25.2V (3S-6S),-90 to +25 deg,Limitless (continuous rotation),-45 to +45 deg,Ethernet,"S.Bus, UART, Ethernet UDP, Mavlink (ArduPilot & PX4 compatible)","UAV, UGV, USV, multirotors, VTOLs, DJI Matrice 300/350 (ZT30-D variant)",IP4X,shop.siyi.biz (official store),In Stock,"Four-sensor optical pod (zoom + thermal + wide angle + laser rangefinder); 640x512 thermal imaging sensor (19mm focal length, 30fps); 1200m laser rangefinder with 0.1m accuracy; 2K wide angle camera (4MP); Split image and synchronized zoom; AI Smart Identify and Tracking; Limitless yaw axis rotation; Angular vibration range ±0.01°; Quick release anti-vibration claw; Nose mode and upside down mode; Focal length 4.8-149mm (zoom camera); HDR Starlight Night Vision"
Skydroid,Skydroid C20,C20,22-23x (sources vary; marketed as both 22x and 23x),1000,379,True,False,,False,True,3,unknown,2,1080p @ 30fps,https://www.skydroid.xin,"Skydroid is based in Quanzhou, China and primarily makes RC controllers and accessories. The C20 weight is listed as 1.000 kg gross weight on Alibaba (this likely includes packaging; net weight may be lower but could not be confirmed from available sources). At 1000g gross weight, it is borderline for the under-1000g criteria -- the net weight of the gimbal itself may be under 1000g. The zoom is inconsistently listed as 22x and 23x across different sources. Night vision capability comes from a dual-sensor setup with an illumination spotlight rather than true infrared thermal imaging. The C20 is designed to work within the Skydroid ecosystem (H16/H30 controllers). It is marked as meets_criteria=true based on 22x+ optical zoom, likely under 1000g net weight, and price well under $10,000 ($379-$498). However, the weight criterion is marginal if gross weight equals net weight.",China,unknown,22-23x (optical only confirmed),CMOS image sensor,1920x1080,126.6 x 120.4 x 146 mm (L x W x H),,18V-72V (searchlight on draws up to 1A),-45 to +90 degrees,-100 to +100 degrees,-45 to +45 degrees,"Network cable (4-pin or 5-pin), serial control cable",Serial (proprietary Skydroid protocol),"Skydroid H16, H16 Pro, H30 controllers; agricultural drones, cargo drones, FPV platforms",unknown,Alibaba bulk pricing ($379 for 1-49 units); rc-wing.com lists $459; Amazon listing exists but price varies. Retail range approximately $379-$498 USD.,"Widely available through Alibaba, Amazon, rc-wing.com, arrishobby.com, eBay, and various drone parts retailers","Three-axis industrial-grade stabilization; Dual-sensor (visible + night vision); Zoomable high-brightness spotlight (6500K color temperature); Control accuracy of plus/minus 0.2 degrees; TF card storage (32GB included); Working temperature range -10C to 45C; Designed for police surveillance, power line inspection, search and rescue; Quick-release damper plate included"
SPI Corp,M2-D Micro Stabilized EO/IR Gimbal,M2-D,6.6x (EO channel); thermal channel also has optical zoom,160,5990,False,True,"Only 6.6x optical zoom (below 10x threshold). Weight 160g is excellent and well under 1000g. Price ~$5,990 is under $10,000. Misses on zoom only.",True,True,2,,,HD 1280x1080; also available in 660x520 and 388x288 configurations,https://www.x20.org/m2-d-stabilized-eo-ir-flir-uav-flir-thermal-camera-gimbal/,,USA,2x,13.2x (6.6x optical x 2x digital),BSI CMOS (EO visible) + LWIR UFPA 640x512 (thermal),1280x1080 (HD variant),65 x 92 mm,9,,,continuous,,,"SBUS, PWM adapters available","UAVs, UAS, sUAS, multicopters, UGV, marine applications",All-weather ruggedized (specific IP not published),"x20.org product page (long range 82X gyrostabilized gimbal variant listed at $5,990; base M2-D pricing may differ by configuration)",Available (commercial sales via x20.org),World's smallest thermal drone gimbal at 160g; Dual EO/IR channels with zoom on both; 640x512 ultra-sensitive thermal LWIR UFPA; Geo-reference tracking module; Advanced target tracking; All-weather ruggedized design; Operating temperature: -20C to +60C; Under 9W power consumption; Multiple resolution configurations available
"Topotek (Beijing) Technology Co., Ltd.",Topotek KIP10S4K,KIP10S4K,10x,375,1018,True,False,,False,False,3,unknown,8,3840x2160 (4K),https://topotek.com/KIP10S4K-4K-10X-Optical-zoom-3-Axis-Gimbal-IP-output-p4646820.html,,China,9x,90x,CMOS,3840x2160,unknown,,unknown,unknown,unknown,unknown,IP (Ethernet/RTSP),"UART, IP (TCP/UDP)",Universal UAV mount,,topotek.com official store,"Listed (marked sold out on official site, available via resellers)",4K network RTSP stream output; 8MP effective pixels; Local TF card FAT32 storage; 170ms low latency; High-precision encoder FOC control; Wireless transmission support
"Topotek (Beijing) Technology Co., Ltd.",Topotek KHY10S90 / KHY109,KHY10S90,10x,396,582,True,False,,False,False,3,"1/2.8""",2,1920x1080 (1080P),https://topotek.com/KHY10S90-10x-Optical-zoom-IRCUT-3-Axis-Gimbal-camera-IPHDMI-output-p4688404.html,,China,9x,90x,CMOS,1920x1080,unknown,5,3S or 6S (11.1V-22.2V),-45 to +120 degrees,-280 to +280 degrees,-45 to +45 degrees,"IP (Ethernet/RTSP), HDMI","UART, IP (TCP/UDP)",Universal UAV mount,,topotek.com official store,Listed (marked sold out on official site),IRCUT day/night filter; IP/HDMI dual output; High-precision encoder FOC control; Local TF card storage; UART and IP dual control modes
"Topotek (Beijing) Technology Co., Ltd.",Topotek SIP30S90,SIP30S90,30x,650,2231,True,False,,False,False,3,unknown,2,1920x1080 @ 30fps (1080P),https://topotek.com/SIP30S90-30-Optical-Zoom-Camera-3-axis-IP-Gimbal-p4646845.html,,China,,30x (optical only confirmed),CMOS (wide dynamic),1920x1080,unknown,7,3S or 6S (11.1V-22.2V),-40 to +110 degrees,360 degrees continuous,-85 to +85 degrees,IP (Ethernet/RTSP),"UART, IP (TCP/UDP)",Universal UAV mount,,topotek.com official store,"Listed (marked sold out on official site, KIP30S90 variant at $1926 on austars-model.com)",30x optical zoom; 4M low light solution; 170ms low latency RTSP stream; Local TF card storage; Dual video stream wireless transfer; One-click restore to initial position
"Topotek (Beijing) Technology Co., Ltd.",Topotek E40S48A645L30,E40S48A645L30,40x,,14038,False,True,"Price exceeds $10,000 ($14,038). Weight unknown but likely over 1000g given quad-sensor configuration.",True,False,3,unknown,48,unknown,https://topotek.com,,China,,40x (lossless zoom),CMOS,unknown (48MP sensor),unknown,,unknown,unknown,unknown,unknown,unknown,unknown,Universal UAV mount,,topotek.com official store,Listed on official site,40x lossless zoom; 48MP camera sensor; 640x512 thermal imaging; 3000m laser rangefinder; Four-sensor pod (quad-light)
Trillium Engineering,HD40-XV,HD40-XV,30x (EO-only variant); alternate variant: 10x EO + LWIR,840,,True,False,,False,True,2,,,720p HD (H.264),https://www.trilliumeng.com/gimbals/hd40,,USA,,"Up to 112x (hybrid, per manufacturer page)",HD CMOS visible camera; optional uncooled LWIR thermal,,98 x 151 mm,,24V regulated,,continuous,,H.264 digital video,,"Group 1, 2, and 3 UAS; multi-rotors and fixed-wing",Environmentally sealed (specific IP not published),"Defense/commercial product, pricing not publicly listed; contact sales@trilliumeng.com","Available (TRL 9, mission proven)",30x optical zoom (EO-only variant); Magnesium structure for light weight; GPS-aided INS for geopointing and geolocation; Electronic stabilization and scene tracking; Optional 850nm night vision compatible laser pointer; Compact 4-inch diameter
Trillium Engineering,HD40-LVV,HD40-LVV,"Dual visible cameras + HD LWIR, up to 180x hybrid zoom",750,,True,False,,True,True,2,,,720p HD (H.264),https://www.trilliumeng.com/gimbals/hd40-lvv,,USA,,180x (hybrid),Dual visible cameras + HD LWIR (long-wave infrared),,102 x 152 mm,,24V regulated,,continuous,,H.264 digital video,,"Group 1, 2, and 3 UAS; optimized for MRR, LRR, and Launched Effects",Environmentally sealed (specific IP not published),"Defense/commercial product, pricing not publicly listed; contact sales@trilliumeng.com",Available,"Dual visible cameras plus HD LWIR thermal; 180x hybrid zoom; 750g ultra-lightweight with thermal; GPS-aided INS for geopointing; Optimized for MRR, LRR, and Launched Effects platforms"
Trillium Engineering,HD25,HD25-XV / HD25-LV / HD25-LV-C,12x (EO); 3x zoom LWIR (LV variants),350,,False,True,Only 3x optical zoom on thermal and 12x on EO (meets 10x threshold on EO). Weight 350g is excellent. Near-miss because original user note says '3x near-miss' suggesting the 3x thermal zoom was the concern.,True,False,2,,,720p HD (H.264),https://www.trilliumeng.com/gimbals/hd25,,USA,,12x EO / 3x thermal,Visible camera + optional uncooled LWIR,,71 x 109 mm,,24V regulated,,continuous,,H.264 digital video,,Group 1 and 2 UAS; multi-rotors and hand-launched fixed-wing,Environmentally sealed (specific IP not published),"Defense/commercial product, pricing not publicly listed; contact sales@trilliumeng.com. Over 2,000 units sold as of 2023.","Available (TRL 9, mission proven, 2000+ units sold)","Only 2.5 inches diameter; 350g weight (XV/LV) or 390g (LV-C); GPS-aided INS for geopointing and geolocation; Electronic stabilization and scene tracking; Machined magnesium enclosure; Over 2,000 units sold"
UkrSpecSystems,USG-231,USG-231,30x,,,True,False,,False,False,2,,,1080p Full HD,https://ukrspecsystems.com/drone-gimbals/usg-231,,Ukraine,3x,90x (30x optical x 3x digital),Full HD Sony CMOS day camera,,,,,,continuous,,IP streaming (digital video),Compatible with Pixhawk family autopilots,Small fixed-wing and multirotor UAVs,,Pricing not publicly listed; contact UkrSpecSystems directly. Related model USG-251 is 350g suggesting competitive pricing for this segment.,Available,30x optical zoom + 3x digital zoom; Digital video stabilization; Anti-fog feature for humid conditions; Automatic target tracking; Lightweight mini camera gimbal; Observation range over 1000 meters; Plug-and-play turnkey solution
UkrSpecSystems,USG-231T,USG-231T,30x (EO channel),,,True,False,,True,True,2,,,1080p Full HD,https://ukrspecsystems.com/drone-gimbals/usg-231t,,Ukraine,,,Full HD day camera + thermal IR camera,,,,,,continuous,,IP streaming (digital video),Compatible with Pixhawk family autopilots,Small fixed-wing and multirotor UAVs,,Pricing not publicly listed; contact UkrSpecSystems directly,Available,Dual EO/IR sensor variant of USG-231; 30x optical zoom on EO channel; Thermal imaging for night operations; Digital video stabilization; Target tracking
UkrSpecSystems,USG-261,USG-261,10x,400,,True,False,,False,False,2,,,1080p Full HD,https://ukrspecsystems.com/drone-gimbals/usg-261,,Ukraine,,10x (optical only confirmed),Full HD CMOS camera,,,,,,continuous,,IP streaming (digital video),Compatible with Pixhawk family autopilots,Small fixed-wing and multirotor UAVs,,Pricing not publicly listed; contact UkrSpecSystems directly,Available (plug-and-play turnkey solution),10x zoom capability; Only 400 grams weight; Digital video stabilization; Target tracking; Anti-fog feature; Pixhawk compatible; Plug-and-play turnkey solution; Low power consumption
UXV Technologies,Optroxa GMB-450,GMB-450,18x,450,,False,True,"Exceeds 10x optical zoom (18x) and is well under 1000g (450g), but price is not publicly available. Described as 'about half competing gimbals' which could place it under $10,000 but cannot be confirmed.",True,True,2,unknown,3.1,"2048x1536 (RGB), 640x480 @ 60Hz (LWIR thermal)",https://www.uxvtechnologies.com/sensors/optroxa-gmb-450,"UXV Technologies is based in Copenhagen, Denmark. The GMB-450 is a defense-grade multi-sensor gimbal integrating RGB, LWIR thermal, and LRF in a 450g package. The 2-axis gimbal uses gas-filled direct-drive motors with continuous 360-degree rotation. It features an onboard NVIDIA Ampere GPU for edge AI processing. A datasheet PDF exists but detailed specs like dimensions, power consumption, and voltage are not available in public sources. Price is quote-based but positioned as roughly half the cost of competitors.",Denmark,10x,180x,RGB CMOS (global shutter) + LWIR thermal,2048x1536 (RGB),unknown (contact manufacturer),,unknown (contact manufacturer),continuous 360 degrees (direct-drive),continuous 360 degrees (direct-drive),N/A (2-axis gimbal),Multiple communication interfaces (details not publicly specified),unknown (contact manufacturer),Platform-agnostic; designed for small UAS defense applications,IP67,Not publicly listed; described as 'about half that of competing gimbals.' Contact sales@uxvtechnologies.com for pricing.,Available through UXV Technologies directly,"Ultra-light at 450 grams with multi-sensor payload; Built-in Laser Range Finder (LRF); 640x480 LWIR thermal sensor at up to 60 Hz; RGB camera with global shutter; IP67 and MIL-STD-810H rated; Gas-filled direct-drive rotation on yaw and pitch axes; Absolute encoders for precise motion control; Onboard NVIDIA Ampere GPU (1024 CUDA cores, 16GB RAM, 32 Tensor Cores); Edge AI and advanced onboard analytics; Onboard video processor for mission-critical image processing"
Viewpro,Viewpro Z10F 10x Optical Zoom Gimbal Camera,Z10F,10x,395,936.0,True,False,,False,False,3,"1/2.8""",4.0,"1080p 30fps (onboard recording), 1080p 60fps (HDMI output)",https://www.viewproonline.com/products/z10f-10x-optical-zoom-gimbal-camera,,China,,10x,CMOS,2688x1520,,3.85,"3S~4S (11.1V~14.8V), working voltage 12V",,,,"Micro HDMI (1080p 60fps), CVBS analog","PWM, UART (TTL), TCP/UDP",Universal (custom integration),,Austars-Model.com,In stock (reseller),Lightest in Viewpro lineup at 395g; 4MP effective pixels; Low power consumption (3.85W); Horizontal FOV 53.2 to 5.65 degrees; Focal length 4.9mm-49mm; Dynamic range 65dB; Onboard TF card recording
Viewpro,Viewpro Q10N 10x Optical Zoom Gimbal Camera,Q10N,10x,506,1299.0,True,False,,False,True,3,"1/3""",2.48,1080p 30fps,https://www.viewproonline.com/products/q10e-10x-optical-zoom-gimbal-camera,,China,,10x,CMOS,1920x1080,91.6 x 111.4 x 143.1,,"4S~6S (16V~24V), working voltage 16V",+-120 degrees (estimated from Q10F),+-360 degrees continuous,+-70 degrees (estimated from Q10F),"IP (default 720p), onboard TF card recording","PWM, Serial TTL, TCP",Universal (custom integration),,RCDrone.top (sold out listing),Limited / sold out at some resellers,ICR day/night switching; 360 degree continuous yaw rotation; Ultra-low illumination 0.05lux@F1.6; Wide dynamic range 105dB; Focal length 4.9mm-49mm; Onboard TF card recording; Viewport quick-release version available (560g)
Viewpro,Viewpro Q30T Pro II 30x Optical Zoom Object Tracking Gimbal Camera,Q30T Pro II,30x,720,4629.0,True,False,,False,False,3,"1/2.8""",2.13,1080p,https://www.viewproonline.com/products/q30t-pro-ii-30x-optical-zoom-object-tracking-gimbal-camera,,China,,30x,SONY Exmor R CMOS,1920x1080,147 x 121 x 154.8,7.8,"3S~6S, working voltage 12V",,360 degrees continuous,,"SDI (default), Micro HDMI, IP (RTSP/UDP)","PWM, UART, S.BUS, TCP/UDP",Universal (custom integration),,Austars-Model.com,In stock (reseller),Object tracking capability; 30x optical zoom with fast auto-focus; SDI output (default); Observation range up to 500m; 360 degree continuous yaw; FOC-based 3-axis stabilization; Lightweight 720g for 30x zoom class
Viewpro,Viewpro A20KT-19 4K 20x Zoom EO + 19mm Thermal Gimbal Camera,A20KT-19,20x,,,False,True,"Weight and price not publicly available to verify criteria. Has thermal sensor (dual-sensor design) which adds weight/cost. Likely exceeds 1000g given dual-sensor configuration, but cannot confirm.",True,False,3,"1/2.5""",8.51,4K (3840x2160),https://www.viewprotech.com/index.php?ac=article&at=read&did=638,,China,,20x,CMOS,3840x2160,,16.0,"4S~6S (14.8V~25.2V), working voltage 16V",,,,"Micro HDMI (1080p 30/60fps), IP (RTSP/UDP 4K/1080p/720p 30fps)","PWM, UART, S.BUS, TCP/UDP",Universal (custom integration),,Not publicly listed; contact manufacturer for quote,Available (contact for pricing),"4K EO sensor with 20x optical zoom; 640x512 thermal imager (19mm lens, 30Hz); AI-based human/vehicle detection; Object tracking; Onboard SD card storage up to 256GB; Dual-sensor (EO + thermal)"
Viewpro,Viewpro Q40TIR 4K 40x Zoom 50mm IR Thermal Dual-Sensor Tracking Gimbal Camera,Q40TIR,20x,,,False,True,"Optical zoom is 20x (meets 10x+ criterion), but net weight not publicly available. Gross/package weight is 3927g suggesting a heavy unit likely well over 1000g. Dual-sensor thermal design adds significant weight. Price also not publicly listed but expected to be in the $5000-$8000+ range for this class. The related Q40TIRM-HD weighs 1512g, suggesting Q40TIR is similar or heavier.",True,False,3,,25.9,4K,https://www.viewproonline.com/products/q40tir,,China,40x (IA zoom / intelligent zoom),40x,CMOS,3840x2160 (4K),,,,,,,,,"Universal (custom integration, suited for heavy-lift drones)",,Not publicly listed; contact manufacturer for quote,Available (contact for pricing),20x optical / 40x intelligent zoom; 25.9MP sensor for 4K video; 50mm 640x480 thermal imager; Dual-sensor (EO + thermal); Object tracking; Observation range up to 500m; High stabilization accuracy +-0.01 degrees; FOC-based motor technology
Viewpro,Viewpro A40 Pro 40x Optical Zoom AI Tracking 3-axis Gimbal Camera,A40 Pro,40x,1074,1699.0,False,True,"Weight is 1074g, exceeding the 1000g limit by 74g. Meets all other criteria (40x optical zoom, $1699 price). Very close miss on weight.",False,False,3,"1/2.8""",2.13,1080p,https://www.viewproonline.com/products/a40-pro-40x-optical-zoom-ai-tracking-3axis-gimbal-camera,,China,,40x,SONY CMOS,1920x1080,134.5 x 118 x 197.7 (standard) / 134.5 x 118 x 203.4 (viewport),,"4S~6S, working voltage 16V",,360 degrees continuous,,Onboard storage up to 128GB,"PWM, UART, TCP/UDP",Universal (custom integration),,Austars-Model.com,In stock (reseller),40x optical zoom (highest single-sensor optical zoom in lineup); AI detection and object tracking; 360 degree continuous yaw; Metal ball housing for anti-interference; Viewport plug and play; KLV metadata output; HTTP read TF card online; Point camera here on 3D map
Viewsheen,Viewsheen 30X 4K 8MP 3-Axis Stabilization Drone Gimbal Camera,UAP3030S8,30x,842,,True,False,,False,True,3,"1/1.8""",8,3840x2160@30fps,https://www.viewsheen.com/30x-4k-3-axis-stabilization-drone-gimbal-camera-product/,Weight confirmed from multiple sources. Price not publicly listed (OEM model). Sensor details partially inferred from camera module specs.,China,4x,120x,"Sony 1/1.8"" Exmor R CMOS",3840x2160,96x79x120,8.4,12V-25V DC,,,,Ethernet (RTSP),"Serial (CAN), Ethernet",OEM/ODM - compatible with various platforms,,OEM/ODM pricing - quote required from manufacturer,Available - contact manufacturer for quote,4K 8MP resolution; 30x optical zoom; 3-axis stabilization with ±0.008° precision; Micro SD card recording; Ethernet RTSP video output; Operating temperature -10°C to 60°C; Lightweight 842g design; OEM/ODM customization available
Viewsheen,Viewsheen 30X 2MP + 640 Thermal Dual Sensor 3-Axis Drone Gimbal Camera,UAP2030TST6,30x,970,,True,False,,True,True,3,"1/2.8"" (visible)",2,1920x1080@30fps,https://www.viewsheen.com/best-quality-4k-zoom-gimbal-camera-30x-2mp-and-640-thermal-dual-sensor-3-axis-stabilization-drone-gimbal-camera-viewsheen-product/,Weight and dimensions confirmed from manufacturer website. Price not publicly listed.,China,,,"1/2.8"" CMOS (visible) + Uncooled VOx (thermal)",1920x1080,166x115x184,8.4,12V-25V DC,,,,Ethernet (RTSP),"Serial (CAN), Ethernet",OEM/ODM - compatible with various platforms,,OEM/ODM pricing - quote required from manufacturer,Available - contact manufacturer for quote,Dual sensor: visible + thermal; 30x optical zoom; 640x480 thermal imaging; 3-axis stabilization with ±0.008° precision; Micro SD card recording; Ethernet RTSP video output; Under 1000g with thermal sensor
Viewsheen,Viewsheen 3.5X 4K 8MP Mini 3-Axis Drone Gimbal Camera,,3.5x,275,,False,True,"Only 3.5x optical zoom, below the 10x minimum requirement",False,False,3,,8,3840x2160@30fps,https://www.viewsheen.com/super-lowest-price-infrared-camera-module-3-5x-4k-8mp-mini-3-axis-stabilization-drone-gimbal-camera-viewsheen-product/,,China,,,CMOS,3840x2160,,6.0,12V-25V DC,,,,,,OEM/ODM - small drones,,OEM/ODM pricing - quote required from manufacturer,Available - contact manufacturer for quote,Ultra-lightweight at 275g; 4K 8MP resolution; Very low power consumption (6W); Mini form factor for small drones
"Xingkai Technology (Shenzhen Xingkai Technology Co., Ltd.)",Xingkai 20X Starlight Night Vision 3-Axis IP Gimbal Camera,XK-F510rs,20x,,,True,False,,False,True,3,,,1920x1080 (1080P),https://xingkaitech.com/gimbal-camera/,"Low - weight, sensor details, dimensions, power, and price not found in any public source. Only basic feature descriptions available.",China,,,Starlight CMOS,,,,,,,,IP (RTSP),"Serial, Network",Various UAV platforms,,Not publicly listed - contact manufacturer or check Made-in-China.com,Available - contact manufacturer,20x optical zoom; Starlight night vision (full color in low light); 3-axis stabilized gimbal; 1080P RTSP video stream output; TF card local recording; IP network output
"Xingkai Technology (Shenzhen Xingkai Technology Co., Ltd.)",Xingkai 10X Optical Zoom Dual Light 3-Axis Gimbal Camera with Thermal,XK-FG100,10x,434,,True,False,,True,True,3,,4,1080P,https://xingkaitech.en.made-in-china.com/product/OEnpIuPMXZke/China-Gimbal-Camera-Manufacturer-Xk-Fg100-10X-Optical-Zoom-IP-HDMI-Small-Dual-Light-3-Axis-Gimbal-Camera-Thermal-Drone-Camera.html,Medium - weight confirmed from Made-in-China listing and manufacturer. Sensor specs confirmed. Price and dimensions not publicly available.,China,,,Low illumination CMOS (visible) + Vanadium Oxide uncooled (thermal),,,,,,,,IP (RTSP) / HDMI dual output,"Serial port, Network",Various UAV platforms,,Not publicly listed - contact manufacturer or check Made-in-China.com listing,Available via Made-in-China.com and direct from manufacturer,Dual sensor: visible + thermal imaging; 10x optical zoom; 256x192 thermal resolution with vanadium oxide detector; IP/HDMI dual output; High-precision encoder FOC gimbal control; TF card two-way video recording and photography; Picture-in-picture mode switching; Multiple pseudo color display for thermal; Global temperature measurement capability; Very lightweight at 434g with thermal; Working temperature: -10°C to +45°C
Yangda,Sky Eye-U30,Sky Eye-U30,30x,748,1485.0,True,False,,False,True,2,1/2.8 inch,2.13,"1080p 60fps (streaming), 1080p/720p 30fps (recording)",https://www.yangdaonline.com/sky-eye-u30-1080p-30x-optical-zoom-camera-with-tracking-and-geotagging/,,China,12x,360x,Sony STARVIS 2 CMOS (FCB-EV9520L module),1920x1080,not specified on product page,,12V DC,+45° to -164°,360° unlimited,N/A (2-axis gimbal),"Ethernet, CVBS analog","S.Bus, UART, Ethernet",PX4 and Ardupilot based drones (MAVLINK compatible),not specified,yangdaonline.com (MSRP),Available - direct from manufacturer,Sony STARVIS 2 sensor with superior low-light performance (0.01 lux @ F1.6); Auto object tracking with cross-correlation algorithm; Geo-referencing / geotagging; Defog capability; Backlight compensation; TF card recording up to 128GB; Lightweight 2-axis design; YDPORT quick-attach mechanism
Yangda,Sky Eye-30HZ-S,Sky Eye-30HZ-S,30x,784,1485.0,True,False,,False,True,3,1/2.8 inch,2.13,"1080p 60fps (HDMI/Ethernet output), 1080p 30fps (recording)",https://www.yangdaonline.com/sky-eye-30hz-s-1080p-30x-zoom-camera-for-drone-with-tracking-and-geotagging/,,China,12x,360x,Sony STARVIS CMOS (FCB-EV9520L module),1920x1080,not specified on product page,,12V DC,±90°,±150°,±45°,"HDMI, Ethernet","PWM, S.Bus, Serial command, Ethernet",PX4 and Ardupilot based drones (MAVLINK compatible),not specified,yangdaonline.com (MSRP),Available - direct from manufacturer,3-axis high stabilized gimbal; Auto object tracking; Wide dynamic range up to 105dB; Auto focus less than 1 second; Low-light capability (0.05 lux @ F1.6); Aerodynamic design for multicopter and VTOL; Single integrated cable for data and video; MAVLINK compatible
Yangda,Sky Eye-40HZ,Sky Eye-40HZ,40x,910,1499.0,True,False,,False,True,3,1/2.8 inch,2.13,1080p 30fps,https://www.yangdaonline.com/sky-eye-40hz-1080p-40x-zoom-camera-for-drone-with-tracking-and-geotagging/,,China,32x,1280x,Sony STARVIS CMOS,1920x1080,not specified on product page,,12V DC,+45° to -164°,360° unlimited,±45°,"LVDS (digital), CVBS (analog)","PWM, S.Bus, Serial command, Ethernet",PX4 and Ardupilot based drones (MAVLINK compatible),not specified,"yangdaonline.com (MSRP $1,499; sale price $1,198 observed)",Available - direct from manufacturer,3-axis high stabilized gimbal with 360° rotation; 40x optical zoom with 1280x total zoom; Auto detection and tracking with AI; Wide dynamic range up to 105dB; Auto focus less than 1 second; YDPORT quick-attach mechanism; MAVLINK compatible
Yangda,Storm Eye-30IE-HT,Storm Eye-30IE-HT,30x,1470,,False,True,"Weight exceeds 1000g limit at 1470g (47% over). Has thermal imaging which adds significant weight. Price likely exceeds $10,000 based on similar Storm Eye models on Alibaba (~$14,999).",True,True,3,1/2.8 inch (EO),2.13,"1080p/720p 30fps (EO), 1280x1024 25/30/50Hz (Thermal)",https://www.yangdaonline.com/storm-eye-30ie-ht-30x-eo-ir-drone-gimbal-with-hd-thermal-imager-ai-auto-identify-and-tracking/,,China,"12x (EO), 8x (thermal)",360x (EO channel),Sony STARVIS CMOS (EO) + Uncooled Vanadium Oxide (Thermal),"1920x1080 (EO), 1280x1024 (Thermal)",150 x 150.3 x 220.8,,12V DC,+45° to -164°,360° unlimited,±45°,Ethernet (1080p/720p 30fps),"S.Bus, TTL serial, Ethernet",PX4 and Ardupilot based drones (MAVLINK compatible),not specified,Not publicly listed; inquire at info@yangdaonline.com,Available - contact manufacturer,Dual EO/IR payload (30x optical zoom + UHD 1280x1024 thermal); 3-axis high stabilized gimbal; AI auto-identification of people and vehicles; Autonomous target tracking; 10 thermal pseudo-color modes; Non-Uniformity Correction (NUC); 3D Noise Reduction (3DNR); YDPORT quick-attach mechanism; YDlink gimbal control software integration; Extremely low light capability (0.000005 lux ICR-ON)
"ZINGTO Avigation Technology Co., Ltd.",Zingto INYYO Q350,Q350,30x,1710,12157,False,True,"Weight (1710g) exceeds 1000g limit. Price ($12,157) exceeds $10,000 limit. Meets 10x+ optical zoom requirement (30x).",True,True,3,"unknown (visible), 12um pixel pitch (thermal)",2,1920x1080 (1080P),https://rcdrone.top/products/zingto-inyyo-q350-drone-camera-gimbal,,China,,30x (optical only confirmed),Sony CMOS (visible) + ULIS uncooled LWIR (thermal),1920x1080,149.6 x 148 x 229.4,,unknown,-120 to +30 degrees,360 degrees continuous,±40 degrees (approx),unknown,"S.BUS, TTL UART, TCP, UDP",Universal UAV mount,,austars-model.com,"Available via resellers (DrUAV, RCDrone, RotorXpress, Austars-Model)",Triple sensor pod (EO + Thermal + LRF); 30x optical zoom Sony camera; 640x512 thermal imaging (50mm lens); 3KM laser rangefinder; AI tracking and detection up to 1.6KM; Aviation aluminum alloy construction; Ceramic package infrared detector
"ZINGTO Avigation Technology Co., Ltd.",Zingto INYYO Q102,Q102,10x,645,,False,False,"Meets 10x optical and under 1000g criteria. Price unknown - cannot confirm under $10,000. Likely meets criteria if price is obtainable.",True,False,3,unknown,8,3840x2160 (4K),https://rcdrone.top/products/zingto-inyyo-q102-gimbal-drone-camera,,China,4x,40x (hybrid),CMOS (visible) + uncooled thermal,3840x2160 (4K),unknown,,unknown,-120 to +30 degrees,360 degrees continuous,±77.5 degrees (155 total),unknown,"S.BUS, TTL UART, TCP, UDP",Universal UAV mount,,Price not publicly listed; contact manufacturer or resellers for quote,"Available via resellers (DrUAV, RCDrone, AllUAVMarket, WorldDroneMarket)",Dual sensor (4K EO + 640x512 thermal); 10x optical zoom with 40x hybrid zoom; AI recognition and tracking module; Dual video input AI processing; Multi-mode filter tracking technology; Full-metal casing (rain/dust/corrosion resistant); Compact and lightweight design (645g); Intelligent auto-focus
"ZINGTO Avigation Technology Co., Ltd.",Zingto INYYO Q12L,Q12L,10x,,,False,False,"Meets 10x optical zoom. Weight unknown but likely under 1000g based on compact dimensions and Q12X comparison (460g). Price unknown. Likely meets all criteria if price is under $10,000.",False,False,3,"1/2.7""",16,1920x1080 @ 30fps,https://rcdrone.top/products/zingto-inyyo-q12l-drone-camera-gimbal,,China,4x,40x (hybrid),Sony CMOS,4608x3456 (estimated from 16MP),114.3 x 87.6 x 158.3,,unknown,-120 to +30 degrees,360 degrees continuous,±85 degrees (170 total),unknown,"S.BUS, TTL UART, TCP, UDP",Universal UAV mount,,Price not publicly listed; contact manufacturer or resellers for quote,"Available via resellers (RCDrone, Zingto official site)","10x optical / 40x hybrid zoom; 4K video and 16MP photos; 1/2.7"" Sony CMOS sensor; Quad-core AI chip for detection (vehicles, people); 1250Hz steady-state frequency stabilization; Aircraft aluminum and nylon construction; Single sensor (EO only) lightweight design; Similar to Q12X (460g) - estimated ~480-500g"
